,sex,age,address,famsize,Pstatus,Medu,Fedu,traveltime,studytime,failures,schoolsup,famsup,paid,activities,nursery,higher,internet,romantic,famrel,freetime,goout,Dalc,Walc,health,absences,Promedio,M__at_home,M__nurse,M__otherMomJob,M__services,M__teacher,F__at_home,F__health,F__otherFatherJob,F__services,F__teacher,G__father,G__mother,G__otherGuardian
0,1,18,0,1,1,4,4,2,2,0,1,0,0,0,1,1,0,0,4,3,4,1,1,3,6,5.666666667,1,0,0,0,0,0,0,0,0,1,0,1,0
1,1,17,0,1,0,1,1,1,2,0,0,1,0,0,0,1,1,0,5,3,3,1,1,3,4,5.333333333,1,0,0,0,0,0,0,1,0,0,1,0,0
2,1,15,0,0,0,1,1,1,2,3,1,0,1,0,1,1,1,0,4,3,2,2,3,3,10,8.333333333,1,0,0,0,0,0,0,1,0,0,0,1,0
3,1,15,0,1,0,4,2,1,3,0,0,1,1,1,1,1,1,1,3,2,2,1,1,5,2,14.66666667,0,1,0,0,0,0,0,0,1,0,0,1,0
4,1,16,0,1,0,3,3,1,2,0,0,1,1,0,1,1,0,0,4,3,2,1,2,5,4,8.666666667,0,0,1,0,0,0,0,1,0,0,1,0,0
5,0,16,0,0,0,4,3,1,2,0,0,1,1,1,1,1,1,0,5,4,2,1,2,5,10,15.0,0,0,0,1,0,0,0,1,0,0,0,1,0
6,0,16,0,0,0,2,2,1,2,0,0,0,0,0,1,1,1,0,4,4,4,1,1,3,0,11.66666667,0,0,1,0,0,0,0,1,0,0,0,1,0
7,1,17,0,1,1,4,4,2,2,0,1,1,0,0,1,1,0,0,4,1,4,1,1,1,6,5.666666667,0,0,1,0,0,0,0,0,0,1,0,1,0
8,0,15,0,0,1,3,2,1,2,0,0,1,1,0,1,1,1,0,4,2,2,1,1,1,0,17.66666667,0,0,0,1,0,0,0,1,0,0,0,1,0
9,0,15,0,1,0,3,4,1,2,0,0,1,1,1,1,1,1,0,5,5,1,1,1,5,0,14.66666667,0,0,1,0,0,0,0,1,0,0,0,1,0
10,1,15,0,1,0,4,4,1,2,0,0,1,1,0,1,1,1,0,3,3,3,1,2,2,0,9.0,0,0,0,0,1,0,1,0,0,0,0,1,0
11,1,15,0,1,0,2,1,3,3,0,0,1,0,1,1,1,1,0,5,2,2,1,1,4,4,11.33333333,0,0,0,1,0,0,0,1,0,0,1,0,0
12,0,15,0,0,0,4,4,1,1,0,0,1,1,1,1,1,1,0,4,3,3,1,3,5,2,14.0,0,1,0,0,0,0,0,0,1,0,1,0,0
13,0,15,0,1,0,4,3,2,2,0,0,1,1,0,1,1,1,0,5,4,3,1,2,3,2,10.33333333,0,0,0,0,1,0,0,1,0,0,0,1,0
14,0,15,0,1,1,2,2,1,3,0,0,1,0,0,1,1,1,1,4,5,2,1,1,3,0,15.33333333,0,0,1,0,0,0,0,1,0,0,0,0,1
15,1,16,0,1,0,4,4,1,1,0,0,1,0,0,1,1,1,0,4,4,4,1,2,2,4,14.0,0,1,0,0,0,0,0,1,0,0,0,1,0
16,1,16,0,1,0,4,4,1,3,0,0,1,1,1,1,1,1,0,3,2,3,1,2,2,6,13.66666667,0,0,0,1,0,0,0,0,1,0,0,1,0
17,1,16,0,1,0,3,3,3,2,0,1,1,0,1,1,1,0,0,5,3,2,1,1,4,4,9.333333333,0,0,1,0,0,0,0,1,0,0,0,1,0
18,0,17,0,1,0,3,2,1,1,3,0,1,0,1,1,1,1,0,5,5,5,2,4,5,16,5.333333333,0,0,0,1,0,0,0,0,1,0,0,1,0
19,0,16,0,0,0,4,3,1,1,0,0,0,1,1,1,1,1,0,3,1,3,1,3,5,4,9.333333333,0,1,0,0,0,0,0,1,0,0,1,0,0
20,0,15,0,1,0,4,3,1,2,0,0,0,0,0,1,1,1,0,4,4,1,1,1,1,0,14.0,0,0,0,0,1,0,0,1,0,0,0,1,0
21,0,15,0,1,0,4,4,1,1,0,0,1,1,0,1,1,1,0,5,4,2,1,1,5,0,14.0,0,1,0,0,0,0,1,0,0,0,1,0,0
22,0,16,0,0,0,4,2,1,2,0,0,0,0,1,1,1,1,0,4,5,1,1,3,5,2,15.33333333,0,0,0,0,1,0,0,1,0,0,0,1,0
23,0,16,0,0,0,2,2,2,2,0,0,1,0,1,1,1,1,0,5,4,4,2,4,5,0,12.66666667,0,0,1,0,0,0,0,1,0,0,0,1,0
24,1,15,1,1,0,2,4,1,3,0,1,1,1,1,1,1,1,0,4,3,2,1,1,5,2,9.0,0,0,0,1,0,0,1,0,0,0,0,1,0
25,1,16,0,1,0,2,2,1,1,2,0,1,1,0,0,1,1,0,1,2,2,1,3,5,14,7.666666667,0,0,0,1,0,0,0,0,1,0,0,1,0
26,0,15,0,1,0,2,2,1,1,0,0,1,1,0,1,1,1,0,4,2,2,1,2,5,2,11.66666667,0,0,1,0,0,0,0,1,0,0,0,1,0
27,0,15,0,1,0,4,2,1,1,0,0,0,1,0,1,1,1,0,2,2,4,2,4,1,4,15.33333333,0,1,0,0,0,0,0,0,1,0,0,1,0
28,0,16,0,0,1,3,4,1,2,0,1,1,0,1,1,1,1,0,5,3,3,1,1,5,4,11.0,0,0,0,1,0,0,0,1,0,0,0,1,0
29,0,16,0,1,0,4,4,1,2,0,0,1,1,1,1,1,1,1,4,4,5,5,5,5,16,11.0,0,0,0,0,1,0,0,0,0,1,0,1,0
30,0,15,0,1,0,4,4,1,2,0,0,1,1,0,0,1,1,0,5,4,2,3,4,5,0,10.66666667,0,1,0,0,0,0,0,0,1,0,0,1,0
31,0,15,0,1,0,4,4,2,2,0,0,1,0,1,1,1,1,0,4,3,1,1,1,5,0,16.66666667,0,0,0,1,0,0,0,0,1,0,0,1,0
32,0,15,1,1,0,4,3,1,2,0,0,1,0,1,1,1,1,1,4,5,2,1,1,5,0,16.33333333,0,0,0,0,1,1,0,0,0,0,0,1,0
33,0,15,0,0,0,3,3,1,2,0,0,0,0,1,0,1,1,0,5,3,2,1,1,2,0,10.0,0,0,1,0,0,0,0,1,0,0,0,1,0
34,0,16,0,1,0,3,2,1,1,0,0,1,1,0,0,1,1,0,5,4,3,1,1,5,0,13.66666667,0,0,1,0,0,0,0,1,0,0,0,1,0
35,1,15,0,1,0,2,3,2,1,0,0,1,0,1,1,1,0,0,3,5,1,1,1,5,0,7.0,0,0,1,0,0,0,0,1,0,0,1,0,0
36,0,15,0,0,0,4,3,1,3,0,0,1,0,1,1,1,1,0,5,4,3,1,1,4,2,16.33333333,0,0,0,0,1,0,0,0,1,0,0,1,0
37,0,16,1,1,1,4,4,2,3,0,0,1,0,1,1,1,1,1,2,4,3,1,1,5,7,15.33333333,0,0,1,0,0,0,0,0,0,1,0,1,0
38,1,15,1,1,0,3,4,1,3,0,1,1,1,1,1,1,1,0,4,3,2,1,1,5,2,11.66666667,0,0,0,1,0,0,1,0,0,0,0,1,0
39,1,15,1,1,0,2,2,1,1,0,1,1,1,1,1,1,0,0,4,3,1,1,1,2,8,13.33333333,1,0,0,0,0,0,0,1,0,0,0,1,0
40,1,16,0,0,0,2,2,2,2,1,0,1,0,1,0,1,1,1,3,3,3,1,2,3,25,9.333333333,0,0,1,0,0,0,0,1,0,0,0,1,0
41,0,15,0,0,0,4,4,1,1,0,0,1,0,0,0,1,1,1,5,4,3,2,4,5,8,12.0,0,0,0,0,1,0,0,1,0,0,0,0,1
42,0,15,0,1,0,4,4,1,2,0,0,1,0,1,1,1,1,0,4,3,3,1,1,5,2,18.33333333,0,0,0,1,0,0,0,0,0,1,1,0,0
43,0,15,0,1,0,2,2,1,1,0,1,1,0,0,1,1,1,0,5,4,1,1,1,1,0,9.0,0,0,0,1,0,0,0,0,1,0,1,0,0
44,1,16,0,0,0,2,2,2,2,1,1,0,0,1,1,1,1,0,4,3,3,2,2,5,14,9.666666667,0,0,1,0,0,1,0,0,0,0,1,0,0
45,1,15,0,0,1,4,3,1,2,0,1,1,1,1,1,1,1,1,5,2,2,1,1,5,8,7.333333333,0,0,1,0,0,0,0,1,0,0,0,1,0
46,1,16,0,0,1,3,3,1,2,0,0,1,0,0,1,1,1,0,2,3,5,1,4,3,12,11.33333333,0,0,1,0,0,0,0,0,1,0,0,1,0
47,0,16,0,1,0,4,3,1,4,0,0,0,0,1,1,1,1,0,4,2,2,1,1,2,4,19.33333333,0,1,0,0,0,0,0,0,1,0,0,1,0
48,0,15,0,1,0,4,2,1,2,0,0,1,1,0,1,1,0,0,4,3,3,2,2,5,2,14.66666667,0,0,0,0,1,0,0,1,0,0,0,1,0
49,1,15,0,1,0,4,4,1,2,1,1,1,0,1,0,1,1,0,4,4,4,1,1,3,2,7.0,0,0,0,1,0,0,0,0,0,1,1,0,0
50,1,16,0,0,0,2,2,3,2,0,0,1,1,0,1,1,1,0,4,3,3,2,3,4,2,12.66666667,0,0,0,1,0,0,0,0,1,0,0,1,0
51,1,15,0,0,0,4,2,1,2,0,0,1,1,0,1,1,1,0,4,3,3,1,1,5,2,12.33333333,0,1,0,0,0,0,0,1,0,0,0,1,0
52,0,15,0,0,1,4,2,2,1,1,0,0,0,0,1,1,0,0,5,5,5,3,4,5,6,10.66666667,0,1,0,0,0,0,1,0,0,0,1,0,0
53,1,15,0,1,0,4,4,1,1,0,1,1,1,0,1,1,1,0,3,3,4,2,3,5,0,9.666666667,0,0,0,1,0,0,0,0,1,0,0,1,0
54,1,15,0,0,1,3,3,1,1,0,0,0,1,0,1,1,1,0,5,3,4,4,4,1,6,12.0,0,0,1,0,0,0,0,1,0,0,0,1,0
55,1,16,0,1,1,2,1,1,2,0,0,0,1,1,1,1,1,1,5,3,4,1,1,2,8,9.0,0,0,1,0,0,0,0,1,0,0,0,1,0
56,1,15,0,1,1,4,3,1,2,0,0,1,1,1,1,1,1,0,4,3,2,1,1,1,0,14.66666667,0,0,0,1,0,0,0,0,1,0,0,1,0
57,0,15,0,1,0,4,4,1,2,0,0,1,0,1,1,1,0,0,3,2,2,1,1,5,4,14.66666667,0,0,0,0,1,0,1,0,0,0,0,1,0
58,0,15,0,0,0,1,2,1,2,0,1,1,0,1,1,1,1,0,4,3,2,1,1,5,2,9.333333333,0,0,1,0,0,1,0,0,0,0,1,0,0
59,1,16,0,1,0,4,2,1,2,0,0,1,0,0,1,1,1,0,4,2,3,1,1,5,2,15.66666667,0,0,0,1,0,0,0,1,0,0,0,1,0
60,1,16,1,1,0,4,4,1,2,0,0,1,0,1,1,1,0,0,2,4,4,2,3,4,6,10.66666667,0,1,0,0,0,0,0,0,0,1,0,1,0
61,1,16,0,1,0,1,1,4,1,0,1,1,0,1,0,1,1,1,5,5,5,5,5,5,6,9.666666667,0,0,0,1,0,0,0,0,1,0,1,0,0
62,1,16,0,0,0,1,2,1,2,0,1,0,0,1,1,1,1,0,4,4,3,1,1,1,4,9.0,0,0,1,0,0,0,0,0,1,0,1,0,0
63,1,16,0,1,0,4,3,1,3,0,1,1,1,1,1,1,1,0,3,4,4,2,4,4,2,9.333333333,0,0,0,0,1,0,1,0,0,0,0,1,0
64,1,15,0,0,0,4,3,1,2,0,1,0,0,1,1,1,1,1,4,4,4,2,4,2,0,10.0,0,0,0,1,0,0,0,0,1,0,1,0,0
65,1,16,0,0,0,4,3,3,2,0,0,1,0,1,1,1,1,0,5,4,3,1,2,1,2,15.33333333,0,0,0,0,1,0,0,0,1,0,0,1,0
66,0,15,0,1,1,4,4,1,4,0,0,1,0,1,0,1,1,1,1,3,3,5,5,3,4,12.66666667,0,0,1,0,0,0,0,0,1,0,0,1,0
67,1,16,0,1,0,3,1,1,4,0,1,1,1,0,1,1,1,0,4,3,3,1,2,5,4,6.666666667,0,0,0,1,0,0,0,1,0,0,0,1,0
68,1,15,1,0,0,2,2,2,2,0,1,1,1,0,1,1,1,0,4,1,3,1,3,4,2,8.333333333,0,1,0,0,0,0,0,0,1,0,0,1,0
69,1,15,1,0,0,3,1,2,4,0,0,1,0,0,0,1,1,0,4,4,2,2,3,3,12,16.0,0,0,1,0,0,0,0,1,0,0,1,0,0
70,0,16,0,1,0,3,1,2,4,0,0,1,1,0,1,1,1,0,4,3,2,1,1,5,0,14.33333333,0,0,1,0,0,0,0,1,0,0,1,0,0
71,0,15,0,1,0,4,2,1,4,0,0,0,0,0,1,1,1,0,3,3,3,1,1,3,0,10.0,0,0,1,0,0,0,0,1,0,0,0,1,0
72,1,15,1,1,0,1,1,1,2,2,1,1,0,0,0,1,1,1,3,3,4,2,4,5,2,6.333333333,0,0,1,0,0,0,0,1,0,0,0,1,0
73,0,16,0,1,0,3,1,1,1,0,0,0,0,1,1,1,0,0,5,3,2,2,2,5,2,12.66666667,0,0,1,0,0,0,0,1,0,0,0,1,0
74,1,16,0,1,0,3,3,1,2,0,1,1,1,1,1,1,1,0,4,3,3,2,4,5,54,11.33333333,0,0,1,0,0,0,0,0,1,0,0,1,0
75,0,15,0,1,0,4,3,1,2,0,0,1,1,1,1,1,1,0,4,3,3,2,3,5,6,9.333333333,0,0,0,0,1,0,0,1,0,0,0,1,0
76,0,15,0,1,0,4,0,2,4,0,0,0,0,1,1,1,1,0,3,4,3,1,1,1,8,10.66666667,0,0,0,0,1,0,0,1,0,0,0,1,0
77,1,16,0,1,0,2,2,1,4,0,0,0,1,0,1,1,1,1,5,2,3,1,3,3,0,11.0,0,0,1,0,0,0,0,1,0,0,0,1,0
78,0,17,0,1,0,2,1,2,1,3,1,1,0,1,1,0,1,0,4,5,1,1,1,3,2,8.666666667,0,0,1,0,0,0,0,1,0,0,0,1,0
79,1,16,0,1,0,3,4,1,2,0,0,1,0,0,1,1,1,0,2,4,3,1,2,3,12,5.0,1,0,0,0,0,0,0,1,0,0,0,1,0
80,0,15,0,1,0,2,3,1,1,0,1,1,1,1,0,1,1,1,3,2,2,1,3,3,2,11.33333333,0,0,1,0,0,0,0,0,1,0,1,0,0
81,0,15,0,1,0,2,3,1,3,0,1,0,1,0,0,1,1,0,5,3,2,1,2,5,4,10.66666667,0,0,1,0,0,0,0,1,0,0,0,1,0
82,1,15,0,0,0,3,2,1,2,0,0,1,1,0,1,1,1,0,4,4,4,1,1,5,10,6.333333333,0,0,0,1,0,0,0,1,0,0,0,1,0
83,0,15,0,0,0,2,2,2,2,0,0,0,1,1,1,1,1,0,5,3,3,1,3,4,4,15.0,0,0,0,1,0,0,0,0,1,0,0,1,0
84,1,15,0,1,0,1,1,1,2,0,0,1,0,1,0,1,1,0,4,3,2,2,3,4,2,9.666666667,0,0,1,0,0,0,0,1,0,0,1,0,0
85,1,15,0,1,0,4,4,2,2,2,0,0,1,0,1,1,1,1,4,4,4,2,3,5,6,8.0,0,0,0,1,0,0,0,0,1,0,1,0,0
86,1,16,0,0,0,2,2,1,2,0,0,1,0,0,1,1,0,0,4,3,4,1,2,2,4,7.0,1,0,0,0,0,0,0,1,0,0,0,1,0
87,1,15,0,1,0,4,2,1,3,0,0,1,0,1,1,1,1,0,5,3,3,1,3,1,4,13.66666667,0,0,1,0,0,0,0,1,0,0,0,1,0
88,0,16,0,1,0,2,2,2,2,1,0,0,1,1,0,1,1,0,4,4,2,1,1,3,12,10.33333333,0,0,0,1,0,0,0,1,0,0,1,0,0
89,0,16,0,0,1,4,4,1,2,0,0,1,0,0,1,1,0,0,4,1,3,3,5,5,18,7.0,0,0,0,0,1,0,1,0,0,0,0,1,0
90,1,16,0,1,0,3,3,1,3,0,0,1,1,0,1,1,1,1,4,3,3,1,3,4,0,7.333333333,0,0,1,0,0,0,0,1,0,0,0,1,0
91,1,15,0,1,0,4,3,1,1,0,0,0,1,1,1,1,1,0,4,5,5,1,3,1,4,17.0,0,0,0,1,0,0,0,1,0,0,0,1,0
92,1,16,0,0,0,3,1,1,2,0,1,1,0,0,1,1,0,0,3,3,3,2,3,2,4,6.333333333,0,0,1,0,0,0,0,1,0,0,1,0,0
93,1,16,0,1,0,4,2,2,2,0,0,1,1,1,1,1,1,0,5,3,3,1,1,1,0,10.33333333,0,0,0,0,1,0,0,0,1,0,0,1,0
94,0,15,0,0,0,2,2,1,4,0,0,1,0,1,1,1,1,0,4,3,4,1,1,4,6,12.66666667,0,0,0,1,0,0,1,0,0,0,0,1,0
95,1,15,1,1,0,1,1,2,4,1,1,1,1,1,1,1,1,0,3,1,2,1,1,1,2,9.0,1,0,0,0,0,0,0,1,0,0,0,1,0
96,0,16,1,1,0,4,3,2,1,0,1,1,0,1,0,1,1,0,3,3,3,1,1,4,2,13.66666667,0,0,0,1,0,0,0,1,0,0,0,1,0
97,1,16,0,1,0,2,1,1,2,0,0,1,1,0,1,1,0,1,4,3,5,1,1,5,2,9.0,0,0,1,0,0,0,0,1,0,0,0,1,0
98,1,16,0,1,0,4,4,1,1,0,0,0,0,1,0,1,1,0,5,3,4,1,2,1,6,13.0,0,0,1,0,0,0,0,1,0,0,0,1,0
99,1,16,0,1,0,4,3,1,3,0,1,1,1,0,1,1,1,0,5,3,5,1,1,3,0,8.0,0,0,1,0,0,1,0,0,0,0,0,1,0
100,0,16,0,1,0,4,4,1,1,0,1,1,1,1,1,1,1,0,4,5,5,5,5,4,14,6.333333333,0,0,0,1,0,0,0,0,1,0,0,1,0
101,0,16,0,1,0,4,4,1,3,0,0,1,0,1,1,1,1,1,4,4,3,1,1,4,0,16.66666667,0,0,0,1,0,0,0,0,0,1,1,0,0
102,0,15,0,1,0,4,4,1,1,0,0,1,0,1,0,1,1,0,5,3,3,1,1,5,4,12.33333333,0,0,0,1,0,0,0,1,0,0,0,1,0
103,1,15,0,1,0,3,2,2,2,0,1,1,1,0,1,1,1,0,4,3,5,1,1,2,26,6.333333333,0,0,0,1,0,0,0,1,0,0,0,1,0
104,0,15,0,1,1,3,4,1,2,0,0,1,1,1,1,1,1,0,5,4,4,1,1,1,0,17.33333333,0,0,0,1,0,0,0,1,0,0,0,1,0
105,1,15,0,1,1,3,3,1,4,0,1,0,0,0,1,1,0,0,4,3,3,1,1,4,10,10.66666667,0,0,1,0,0,0,1,0,0,0,1,0,0
106,1,15,0,1,0,2,2,1,4,0,1,1,1,0,1,1,1,0,5,1,2,1,1,3,8,7.666666667,0,0,1,0,0,0,0,1,0,0,0,1,0
107,0,16,0,1,0,3,3,1,3,0,0,1,0,1,1,1,1,0,5,3,3,1,1,5,2,17.33333333,0,0,0,1,0,0,0,1,0,0,1,0,0
108,0,15,1,1,0,4,4,4,4,0,0,1,1,1,1,1,1,1,1,3,5,3,5,1,6,12.0,0,0,1,0,0,0,0,1,0,0,1,0,0
109,1,16,0,0,0,4,4,1,3,0,0,1,1,1,1,1,1,1,5,4,5,1,1,4,4,15.0,0,1,0,0,0,0,1,0,0,0,0,1,0
110,0,15,0,0,1,4,4,1,1,0,0,0,0,1,1,1,1,0,5,5,3,1,1,4,6,18.66666667,0,0,0,0,1,0,0,0,0,1,0,1,0
111,1,16,1,1,0,3,3,1,3,1,1,1,0,1,1,1,1,0,4,1,2,1,1,2,0,9.0,0,0,0,1,0,0,0,1,0,0,1,0,0
112,1,16,0,1,0,2,2,1,2,1,1,0,0,1,1,1,1,0,3,1,2,1,1,5,6,12.0,1,0,0,0,0,0,0,1,0,0,0,1,0
113,0,15,0,0,0,4,2,1,1,0,0,0,0,0,1,1,1,0,3,5,2,1,1,3,10,18.66666667,0,0,0,0,1,0,0,1,0,0,0,1,0
114,0,15,1,1,0,2,1,1,2,0,0,0,0,1,1,1,1,1,5,4,2,1,1,5,8,9.0,0,1,0,0,0,0,0,0,1,0,0,1,0
115,0,16,0,1,0,4,4,1,2,0,0,1,0,1,1,1,1,0,5,4,4,1,2,5,2,15.33333333,0,0,0,0,1,0,0,0,0,1,1,0,0
116,0,15,0,1,0,4,4,2,2,0,0,1,0,1,1,1,0,0,4,4,3,1,1,2,2,12.66666667,0,0,1,0,0,0,0,0,0,1,1,0,0
117,0,16,0,1,0,3,3,2,1,0,0,0,0,1,1,1,1,0,5,4,2,1,1,5,0,13.33333333,0,0,1,0,0,0,0,0,1,0,1,0,0
118,0,17,1,1,0,1,3,3,2,1,0,1,0,1,1,1,1,0,5,2,4,1,4,5,20,8.0,0,0,1,0,0,0,0,1,0,0,1,0,0
119,0,15,0,1,0,3,4,1,1,0,0,0,0,0,1,1,1,0,3,4,3,1,2,4,6,13.33333333,0,0,1,0,0,0,0,1,0,0,1,0,0
120,1,15,0,1,0,1,2,1,2,0,0,0,0,0,0,1,1,0,3,2,3,1,2,1,2,15.33333333,1,0,0,0,0,0,0,0,1,0,0,1,0
121,0,15,0,1,0,2,2,1,4,0,0,1,1,1,1,1,1,0,5,5,4,1,2,5,6,15.0,0,0,0,1,0,0,0,0,1,0,1,0,0
122,1,16,0,0,0,2,4,2,2,0,0,1,1,1,1,1,1,1,4,2,2,1,2,5,2,13.0,0,0,1,0,0,0,1,0,0,0,1,0,0
123,0,16,0,1,0,4,4,1,1,0,0,1,0,1,1,1,1,0,3,4,4,1,4,5,18,12.66666667,0,1,0,0,0,0,0,1,0,0,0,1,0
124,1,16,0,1,0,2,2,1,2,0,0,0,1,0,1,1,1,1,5,4,4,1,1,5,0,7.666666667,0,0,1,0,0,0,0,1,0,0,0,1,0
125,0,15,0,1,0,3,4,1,1,0,1,0,0,0,1,1,1,0,5,5,5,3,2,5,0,12.66666667,0,0,0,1,0,0,0,0,1,0,1,0,0
126,1,15,0,0,1,3,4,1,2,0,1,0,0,1,1,1,1,1,5,3,2,1,1,1,0,9.333333333,0,0,1,0,0,0,0,1,0,0,0,1,0
127,1,19,0,1,0,0,1,1,2,3,0,1,0,0,0,0,0,0,3,4,2,1,1,5,2,8.0,1,0,0,0,0,0,0,1,0,0,0,0,1
128,0,18,1,1,0,2,2,1,1,2,0,1,0,1,1,1,1,0,3,3,3,1,2,4,0,3.666666667,0,0,0,1,0,0,0,1,0,0,0,1,0
129,0,16,1,1,0,4,4,1,1,0,0,0,1,1,1,1,1,0,3,5,5,2,5,4,8,18.0,0,0,0,0,1,0,0,0,0,1,0,1,0
130,1,15,1,1,0,3,4,2,3,2,0,1,0,0,1,1,1,1,4,2,2,2,2,5,0,4.0,0,0,0,1,0,0,0,0,0,1,1,0,0
131,1,15,0,1,0,1,1,3,1,0,0,1,0,1,0,1,1,1,4,3,3,1,2,4,0,2.666666667,1,0,0,0,0,0,0,1,0,0,0,1,0
132,1,17,0,0,0,2,2,1,1,0,0,1,0,0,1,1,1,1,3,4,4,1,3,5,12,11.66666667,0,0,1,0,0,0,0,1,0,0,1,0,0
133,1,16,0,1,1,3,4,1,1,0,0,0,0,0,1,1,1,0,3,2,1,1,4,5,16,11.33333333,0,0,0,1,0,0,0,1,0,0,1,0,0
134,0,15,1,1,0,3,4,4,2,0,0,1,0,0,1,1,0,1,5,3,3,1,1,5,0,3.0,1,0,0,0,0,0,0,0,0,1,0,1,0
135,1,15,0,1,0,4,4,1,3,0,0,1,0,1,1,1,1,1,4,3,3,1,1,5,0,3.666666667,0,0,0,1,0,1,0,0,0,0,0,1,0
136,0,17,1,1,0,3,4,3,2,0,0,0,0,0,1,1,0,0,5,4,5,2,4,5,0,3.333333333,1,0,0,0,0,0,0,1,0,0,0,1,0
137,1,16,0,1,1,3,3,2,1,2,0,1,0,1,0,1,1,1,4,3,2,1,1,5,0,1.333333333,0,0,1,0,0,0,0,1,0,0,0,0,1
138,0,16,0,0,0,1,1,1,2,1,0,0,0,0,1,1,0,1,4,4,4,1,3,5,0,12.66666667,0,0,0,1,0,0,0,1,0,0,0,1,0
139,1,15,0,1,0,4,4,2,1,0,0,0,0,1,1,1,1,0,4,3,2,1,1,5,0,15.66666667,0,0,0,0,1,0,0,0,0,1,0,1,0
140,0,15,0,1,0,4,3,2,4,0,1,1,0,0,1,1,1,0,2,2,2,1,1,3,0,5.333333333,0,0,0,0,1,0,0,0,1,0,1,0,0
141,0,16,0,0,0,2,2,2,1,2,0,1,0,1,1,1,1,0,2,3,3,2,2,2,8,9.0,0,0,0,1,0,0,0,0,1,0,1,0,0
142,1,15,0,1,0,4,4,1,3,0,0,1,1,1,1,1,1,0,4,2,2,1,1,5,2,10.33333333,0,0,0,0,1,0,0,0,1,0,0,1,0
143,1,16,0,0,0,1,1,1,1,0,0,0,0,0,1,1,1,0,3,4,4,3,3,1,2,13.66666667,1,0,0,0,0,1,0,0,0,0,0,1,0
144,0,17,0,1,0,2,1,1,1,3,0,1,0,0,1,1,1,0,5,4,5,1,2,5,0,1.666666667,0,0,1,0,0,0,0,1,0,0,0,1,0
145,1,15,0,1,0,1,1,1,2,0,0,1,1,0,1,1,1,0,4,4,2,1,2,5,0,10.0,0,0,1,0,0,0,0,0,1,0,1,0,0
146,1,15,0,1,0,3,2,1,2,3,0,1,0,0,1,1,1,0,3,3,2,1,1,3,0,4.333333333,0,1,0,0,0,0,0,0,1,0,1,0,0
147,1,15,0,1,0,1,2,1,2,0,0,1,1,0,0,1,1,0,4,3,2,1,1,5,2,10.66666667,1,0,0,0,0,0,0,1,0,0,0,1,0
148,0,16,0,1,0,4,4,1,1,0,0,1,0,0,1,0,1,1,3,3,2,2,1,5,0,4.333333333,0,0,0,0,1,0,0,0,0,1,0,1,0
149,0,15,0,0,1,2,1,4,1,3,0,0,0,0,1,1,1,0,4,5,5,2,5,5,0,9.0,0,0,0,1,0,0,0,1,0,0,0,1,0
150,0,18,0,0,0,1,1,1,1,3,0,0,0,0,1,0,1,1,2,3,5,2,5,4,0,3.666666667,0,0,1,0,0,0,0,1,0,0,0,1,0
151,0,16,0,0,0,2,1,1,1,1,0,0,0,1,1,1,0,1,4,4,4,3,5,5,6,13.0,1,0,0,0,0,0,0,1,0,0,0,1,0
152,1,15,1,1,0,3,3,2,3,2,0,1,1,1,1,1,1,1,4,2,1,2,3,3,8,10.0,0,0,0,1,0,0,0,0,1,0,0,0,1
153,0,19,0,1,0,3,2,1,1,3,0,1,0,0,1,0,1,1,4,5,4,1,1,4,0,1.666666667,0,0,0,1,0,1,0,0,0,0,0,1,0
154,1,17,0,1,0,4,4,1,1,0,1,1,0,0,1,1,0,1,4,2,1,1,1,4,0,11.33333333,0,0,1,0,0,0,0,0,0,1,0,1,0
155,0,15,1,1,0,2,3,1,2,0,1,0,1,1,1,1,0,0,4,4,4,1,1,1,2,9.0,1,0,0,0,0,0,0,0,1,0,0,1,0
156,0,17,1,0,0,1,2,1,1,0,0,0,0,0,1,1,0,0,2,2,2,3,3,5,8,13.66666667,0,0,1,0,0,0,0,1,0,0,0,1,0
157,1,18,1,1,0,1,1,3,1,3,0,1,0,1,0,1,0,0,5,2,5,1,5,4,6,9.0,1,0,0,0,0,0,0,1,0,0,0,1,0
158,0,16,1,1,0,2,2,3,1,0,0,0,0,0,0,1,0,0,4,2,2,1,2,3,2,15.66666667,1,0,0,0,0,0,0,1,0,0,0,1,0
159,0,16,0,1,0,3,3,1,2,1,0,1,1,0,1,1,1,1,4,5,5,4,4,5,4,11.33333333,0,0,1,0,0,0,0,0,1,0,1,0,0
160,0,17,1,0,0,2,1,2,1,2,0,0,0,1,1,0,1,1,3,3,2,2,2,5,0,4.333333333,1,0,0,0,0,0,0,1,0,0,0,1,0
161,0,15,1,1,0,3,2,2,2,2,1,1,0,0,1,1,1,1,4,4,4,1,4,3,6,7.0,0,0,1,0,0,0,0,1,0,0,0,1,0
162,0,16,0,0,0,1,2,2,1,1,0,0,0,1,1,1,0,0,4,4,4,2,4,5,0,2.333333333,0,0,1,0,0,0,0,1,0,0,0,1,0
163,0,17,0,1,0,1,3,1,1,0,0,0,0,0,1,0,1,0,5,3,3,1,4,2,2,10.0,1,0,0,0,0,0,0,0,1,0,1,0,0
164,0,17,1,0,0,1,1,4,2,3,0,0,0,1,1,0,0,1,5,3,5,1,5,5,0,6.666666667,0,0,1,0,0,0,0,0,1,0,0,1,0
165,0,16,0,1,0,3,2,2,1,1,0,1,0,1,0,0,0,0,4,5,2,1,1,2,16,11.66666667,0,0,0,1,0,0,0,0,1,0,0,1,0
166,0,16,0,1,0,2,2,1,2,0,0,0,0,0,1,0,1,0,4,3,5,2,4,4,4,10.0,0,0,1,0,0,0,0,1,0,0,1,0,0
167,1,16,0,1,0,4,2,1,2,0,0,0,1,0,1,1,1,1,4,2,3,1,1,3,0,15.0,0,1,0,0,0,0,0,0,1,0,1,0,0
168,1,16,0,1,0,2,2,1,2,0,0,1,1,0,0,1,1,0,5,1,5,1,1,4,0,4.333333333,0,0,1,0,0,0,0,1,0,0,0,1,0
169,1,16,0,1,0,4,4,1,2,0,0,1,1,0,1,1,1,1,4,4,2,1,1,3,0,14.0,0,1,0,0,0,0,1,0,0,0,0,1,0
170,0,16,0,1,0,3,4,3,1,2,0,1,0,1,0,1,1,0,3,4,5,2,4,2,0,3.666666667,0,0,1,0,0,0,0,1,0,0,1,0,0
171,0,16,0,1,0,1,0,2,2,0,0,1,1,1,1,1,1,1,4,3,2,1,1,3,2,14.66666667,0,0,1,0,0,0,0,1,0,0,0,1,0
172,0,17,0,0,0,4,4,1,2,0,0,1,1,1,1,1,1,0,4,4,4,1,3,5,0,11.33333333,0,0,0,0,1,0,0,1,0,0,0,1,0
173,1,16,0,1,0,1,3,1,2,3,0,0,0,1,0,1,1,1,4,3,5,1,1,3,0,5.0,1,0,0,0,0,0,0,0,1,0,0,1,0
174,1,16,0,0,0,3,3,2,2,0,0,1,1,1,1,1,1,0,4,4,5,1,1,4,4,10.0,0,0,1,0,0,0,0,1,0,0,0,1,0
175,0,17,0,0,0,4,3,2,2,0,0,0,1,1,1,1,1,0,4,4,4,4,4,4,4,9.333333333,0,0,0,0,1,0,0,1,0,0,0,1,0
176,1,16,0,1,0,2,2,2,2,0,0,0,1,1,0,1,1,0,3,4,4,1,4,5,2,12.33333333,0,0,0,1,0,0,0,1,0,0,0,1,0
177,0,17,0,1,0,3,3,1,2,0,0,0,0,1,0,1,1,0,4,3,4,1,4,4,4,5.666666667,0,0,1,0,0,0,0,1,0,0,1,0,0
178,0,16,1,1,0,4,2,1,1,0,0,1,0,1,1,1,1,1,4,3,3,3,4,3,10,9.0,0,0,0,0,1,0,0,0,1,0,0,1,0
179,0,17,0,1,0,4,3,1,2,0,0,1,0,1,1,1,1,1,5,2,3,1,1,2,4,10.33333333,0,0,1,0,0,0,0,1,0,0,0,1,0
180,0,16,0,1,0,4,3,1,2,0,0,1,1,1,1,1,1,0,3,4,3,2,3,3,10,8.333333333,0,0,0,0,1,0,0,1,0,0,0,1,0
181,0,16,0,1,0,3,3,1,2,0,0,0,1,1,1,1,1,1,4,2,3,1,2,3,2,12.33333333,0,0,0,1,0,0,0,1,0,0,0,1,0
182,1,17,0,1,0,2,4,1,2,0,0,1,0,1,1,1,0,0,5,4,2,2,3,5,0,16.66666667,0,0,0,1,0,0,0,0,1,0,1,0,0
183,1,17,0,0,0,3,3,1,2,0,0,1,0,1,1,1,1,1,5,3,3,2,3,1,56,8.666666667,0,0,1,0,0,0,0,1,0,0,0,1,0
184,1,16,0,1,0,3,2,1,2,0,0,1,1,0,1,1,1,0,1,2,2,1,2,1,14,12.33333333,0,0,1,0,0,0,0,1,0,0,0,1,0
185,0,17,0,1,0,3,3,1,2,0,0,1,0,1,1,1,1,1,4,3,4,2,3,4,12,11.66666667,0,0,0,1,0,0,0,0,1,0,0,1,0
186,0,16,0,1,0,1,2,1,1,0,0,1,1,1,1,1,1,1,3,3,3,1,2,3,2,11.33333333,0,0,0,1,0,0,0,0,1,0,0,1,0
187,0,16,0,0,0,2,1,1,2,0,0,0,1,1,1,1,1,1,4,2,3,1,2,5,0,15.0,0,0,1,0,0,0,0,1,0,0,0,1,0
188,1,17,0,1,1,3,3,1,2,0,0,1,0,0,0,1,1,1,3,3,3,1,3,3,6,8.0,0,1,0,0,0,0,0,1,0,0,0,1,0
189,0,17,1,1,0,1,2,1,2,0,0,0,0,0,1,1,0,0,3,1,3,1,5,3,4,9.0,1,0,0,0,0,0,0,1,0,0,0,1,0
190,1,16,0,1,0,2,3,1,2,0,0,0,0,0,1,1,1,0,4,3,3,1,1,2,10,12.0,0,0,0,1,0,0,0,0,1,0,0,1,0
191,1,17,0,1,0,1,1,1,2,0,0,0,0,1,1,1,1,0,5,3,3,1,1,3,0,8.333333333,1,0,0,0,0,0,0,0,1,0,0,1,0
192,0,17,0,1,0,1,2,2,2,0,0,0,1,1,0,1,1,0,4,4,4,4,5,5,12,7.666666667,1,0,0,0,0,0,0,0,1,0,0,0,1
193,0,16,1,1,0,3,3,1,1,0,0,1,0,1,1,1,1,0,4,3,2,3,4,5,8,9.0,0,0,0,1,0,0,0,0,1,0,0,1,0
194,0,16,0,1,0,2,3,2,1,0,0,0,0,0,1,1,1,0,5,3,3,1,1,3,0,13.66666667,0,0,1,0,0,0,0,1,0,0,1,0,0
195,1,17,0,0,0,2,4,1,2,0,0,0,0,1,1,1,1,1,4,3,2,1,1,5,0,14.66666667,0,0,0,1,0,0,0,0,1,0,1,0,0
196,0,17,0,1,0,4,4,1,1,0,0,0,0,0,1,1,1,0,5,2,3,1,2,5,4,16.0,0,0,0,1,0,0,0,0,0,1,0,1,0
197,0,16,1,0,0,3,3,3,1,0,0,1,1,1,1,1,1,0,3,3,4,3,5,3,8,9.333333333,0,0,0,0,1,0,0,1,0,0,1,0,0
198,1,17,0,1,0,4,4,2,1,1,0,1,0,0,1,1,1,0,4,2,4,2,3,2,24,18.0,0,0,0,1,0,0,0,0,0,1,0,1,0
199,1,16,0,0,0,4,4,1,2,0,0,1,1,0,1,1,1,0,4,5,2,1,2,3,0,9.333333333,0,0,0,0,1,0,0,0,0,1,0,1,0
200,1,16,0,1,0,4,3,1,2,0,0,1,0,1,1,1,1,0,4,3,5,1,5,2,2,16.0,0,1,0,0,0,0,0,1,0,0,0,1,0
201,1,16,0,1,0,2,3,1,2,0,1,1,1,1,1,1,0,0,4,4,3,1,3,4,6,9.333333333,0,0,1,0,0,0,0,1,0,0,0,1,0
202,1,17,0,1,0,1,1,1,2,0,0,1,1,0,0,1,0,0,4,4,4,1,3,1,4,9.333333333,0,0,1,0,0,0,0,1,0,0,0,1,0
203,1,17,1,1,0,2,2,1,1,0,0,1,0,0,1,1,1,0,5,3,2,1,2,3,18,6.333333333,0,0,1,0,0,0,0,1,0,0,0,1,0
204,1,16,1,1,0,2,2,2,4,0,0,1,1,1,0,1,1,0,5,3,5,1,1,5,6,10.33333333,0,0,0,1,0,0,0,0,1,0,0,1,0
205,1,17,0,1,0,3,4,1,3,1,0,1,1,0,1,1,1,1,4,4,3,3,4,5,28,9.333333333,1,0,0,0,0,0,0,0,1,0,0,1,0
206,1,16,0,1,1,3,1,1,2,3,0,1,1,0,1,1,1,0,2,3,3,2,2,4,5,7.0,0,0,0,1,0,0,0,1,0,0,0,1,0
207,1,16,0,1,0,4,3,1,2,0,0,0,1,1,1,1,1,1,1,3,2,1,1,1,10,12.0,0,0,0,0,1,0,0,1,0,0,0,1,0
208,1,16,0,1,0,1,1,2,1,0,0,1,1,0,1,1,0,0,4,3,2,1,4,5,6,9.333333333,1,0,0,0,0,0,0,1,0,0,0,1,0
209,1,17,1,1,0,4,3,2,3,0,0,1,1,1,1,1,1,1,4,4,2,1,1,4,6,7.0,0,0,0,0,1,0,0,1,0,0,0,1,0
210,1,19,0,1,0,3,3,1,4,0,0,1,1,1,1,1,1,0,4,3,3,1,2,3,10,8.0,0,0,1,0,0,0,0,1,0,0,0,0,1
211,0,17,0,0,0,4,4,1,2,0,0,1,1,0,1,1,1,1,5,3,5,4,5,3,13,12.33333333,0,0,0,1,0,0,0,1,0,0,0,1,0
212,1,16,0,1,1,2,2,1,2,0,1,1,1,0,1,1,1,0,3,3,4,1,1,4,0,13.0,0,0,1,0,0,0,0,1,0,0,0,1,0
213,0,18,0,1,0,2,2,1,2,1,0,1,1,1,1,1,1,0,4,4,4,2,4,5,15,7.0,0,0,0,1,0,0,0,1,0,0,0,1,0
214,1,17,1,0,0,4,4,1,1,0,0,1,1,0,1,1,0,0,5,2,1,1,2,3,12,9.333333333,0,0,0,1,0,0,0,1,0,0,0,1,0
215,1,17,0,0,0,3,2,2,2,0,0,0,1,0,1,1,1,0,4,4,4,1,3,1,2,14.66666667,0,0,1,0,0,0,0,1,0,0,0,1,0
216,1,17,0,1,0,4,3,1,2,2,0,0,1,0,1,1,1,1,3,4,5,2,4,1,22,5.333333333,0,0,1,0,0,0,0,1,0,0,0,1,0
217,0,18,0,0,0,3,3,1,2,1,0,1,1,0,1,1,1,0,3,2,4,2,4,4,13,6.666666667,0,0,0,1,0,0,1,0,0,0,1,0,0
218,1,17,0,1,0,2,3,2,1,0,0,1,1,0,1,1,0,0,3,3,3,1,4,3,3,7.333333333,1,0,0,0,0,0,0,1,0,0,1,0,0
219,1,17,0,1,0,2,2,1,3,0,0,1,1,1,1,1,1,0,4,3,3,1,1,4,4,9.666666667,1,0,0,0,0,1,0,0,0,0,0,1,0
220,1,17,1,1,0,2,1,2,2,0,0,1,0,1,1,1,1,0,4,2,5,1,2,5,2,6.0,1,0,0,0,0,0,0,0,1,0,0,1,0
221,1,17,0,1,0,1,1,1,3,1,0,1,0,1,1,1,0,1,4,3,4,1,1,5,0,3.666666667,1,0,0,0,0,0,0,1,0,0,0,1,0
222,1,16,0,1,0,2,3,1,2,0,1,0,0,0,1,1,1,0,2,3,1,1,1,3,2,16.33333333,0,0,0,1,0,0,0,0,0,1,0,1,0
223,0,18,0,1,0,2,2,2,2,0,0,1,1,0,1,1,1,0,3,3,3,5,5,4,0,12.66666667,0,0,1,0,0,0,0,1,0,0,0,1,0
224,1,16,0,1,0,4,4,1,3,0,0,1,0,1,0,1,1,0,5,3,2,1,1,5,0,13.33333333,0,0,0,0,1,0,0,0,1,0,0,1,0
225,1,18,1,1,0,3,1,1,2,1,0,0,0,1,1,1,1,1,5,3,3,1,1,4,16,8.0,0,0,1,0,0,0,0,1,0,0,0,1,0
226,1,17,0,1,0,3,2,1,2,0,0,0,0,1,0,1,1,0,5,3,4,1,3,3,10,15.33333333,0,0,1,0,0,0,0,1,0,0,0,1,0
227,0,17,0,0,0,2,3,1,2,0,0,1,1,0,0,1,1,0,5,3,3,1,3,3,2,11.66666667,0,0,0,1,0,0,0,0,1,0,1,0,0
228,0,18,0,0,0,2,1,4,2,0,1,1,1,1,1,1,1,1,4,3,2,4,5,3,14,9.0,1,0,0,0,0,0,0,1,0,0,0,1,0
229,1,17,0,1,1,2,1,2,3,0,0,0,0,1,1,1,1,1,3,2,3,1,2,3,10,11.33333333,0,0,1,0,0,0,0,1,0,0,0,1,0
230,1,17,0,0,0,4,3,1,2,0,0,0,0,1,1,1,1,1,3,2,3,1,2,3,14,13.33333333,0,1,0,0,0,0,0,1,0,0,1,0,0
231,0,17,1,1,0,2,2,2,2,0,0,1,1,1,1,1,1,0,4,5,2,1,1,1,4,11.0,0,0,1,0,0,0,0,1,0,0,1,0,0
232,0,17,0,1,0,4,4,1,2,0,1,1,0,1,1,1,1,1,4,5,5,1,3,2,14,9.666666667,0,0,0,0,1,0,0,0,0,1,0,1,0
233,0,16,0,1,0,4,4,1,2,0,0,1,1,1,1,1,1,0,4,2,4,2,4,1,2,13.33333333,0,1,0,0,0,0,0,1,0,0,1,0,0
234,0,16,0,0,0,1,1,2,2,0,0,1,1,0,1,1,1,0,3,4,2,1,1,5,18,7.333333333,0,0,1,0,0,0,0,1,0,0,0,1,0
235,0,16,0,1,0,3,2,2,3,0,0,0,0,1,1,1,1,1,5,3,3,1,3,2,10,10.0,1,0,0,0,0,0,0,1,0,0,0,1,0
236,0,17,0,0,0,2,2,1,2,0,0,0,1,1,0,1,1,1,4,4,2,5,5,4,4,13.33333333,0,0,1,0,0,0,0,1,0,0,1,0,0
237,1,16,0,1,0,2,1,1,1,0,0,0,0,0,1,1,1,1,4,5,2,1,1,5,20,12.33333333,0,0,1,0,0,0,0,1,0,0,0,1,0
238,1,17,1,1,0,2,1,3,2,0,0,0,0,1,1,1,0,0,2,1,1,1,1,3,2,11.66666667,1,0,0,0,0,0,0,0,1,0,0,1,0
239,0,18,0,1,0,2,2,1,2,1,0,0,0,0,1,0,1,0,5,5,4,3,5,2,0,4.666666667,0,0,1,0,0,0,0,0,1,0,1,0,0
240,0,17,0,0,0,4,3,2,2,0,0,0,0,1,1,1,1,1,2,5,5,1,4,5,14,12.0,0,1,0,0,0,0,0,1,0,0,0,1,0
241,0,17,1,0,1,4,4,2,2,0,0,1,1,0,1,1,1,0,3,3,3,2,3,4,2,11.0,0,0,0,0,1,0,0,1,0,0,0,1,0
242,0,16,0,0,0,4,3,1,1,0,0,0,0,1,0,1,1,0,5,4,5,1,1,3,0,2.0,0,0,0,0,1,0,0,1,0,0,0,1,0
243,0,16,0,1,0,4,4,1,1,0,0,0,0,1,1,1,1,0,5,3,2,1,2,5,0,12.33333333,0,0,0,1,0,0,0,0,1,0,0,1,0
244,1,18,0,1,0,2,1,2,3,0,0,1,1,0,0,1,1,1,4,4,4,1,1,3,0,2.333333333,0,0,1,0,0,0,0,1,0,0,0,0,1
245,0,16,0,1,0,2,1,3,1,0,0,0,0,0,1,1,1,0,4,3,3,1,1,4,6,18.0,0,0,1,0,0,0,0,1,0,0,0,1,0
246,0,17,0,1,0,2,3,2,1,0,0,0,0,0,1,1,1,0,5,2,2,1,1,2,4,12.33333333,0,0,1,0,0,0,0,1,0,0,1,0,0
247,0,22,0,1,0,3,1,1,1,3,0,0,0,0,0,0,1,1,5,4,5,5,5,1,16,7.333333333,0,0,0,1,0,0,0,0,1,0,0,1,0
248,0,18,1,0,0,3,3,1,2,1,0,1,0,0,1,1,1,1,4,3,3,1,3,5,8,4.333333333,0,0,1,0,0,0,0,0,1,0,0,1,0
249,0,16,0,1,0,0,2,1,1,0,0,0,1,0,0,1,1,0,4,3,2,2,4,5,0,14.33333333,0,0,1,0,0,0,0,1,0,0,0,1,0
250,0,18,0,1,0,3,2,2,1,1,0,0,0,0,1,0,1,0,4,4,5,2,4,5,0,7.333333333,0,0,0,1,0,0,0,1,0,0,0,1,0
251,0,16,0,1,0,3,3,3,2,0,1,1,0,0,0,1,1,0,5,3,3,1,3,2,6,9.0,1,0,0,0,0,0,0,1,0,0,0,0,1
252,0,18,0,1,0,2,1,1,1,1,0,0,0,0,0,0,1,0,3,2,5,2,5,5,4,7.666666667,0,0,0,1,0,0,0,0,1,0,0,1,0
253,0,16,1,1,0,2,1,2,1,0,0,0,0,1,0,1,0,0,3,3,2,1,3,3,0,8.333333333,0,0,1,0,0,0,0,1,0,0,0,1,0
254,0,17,1,1,0,2,1,1,1,0,0,0,0,0,0,1,1,0,4,4,2,2,4,5,0,10.66666667,0,0,1,0,0,0,0,1,0,0,0,1,0
255,0,17,0,0,0,1,1,2,1,1,0,1,0,1,1,1,1,0,4,4,4,1,2,5,2,8.0,0,1,0,0,0,0,0,1,0,0,0,1,0
256,1,17,0,0,0,4,2,1,4,0,0,1,1,1,1,1,1,0,4,2,3,1,1,4,6,13.0,0,0,0,0,1,0,0,0,1,0,0,1,0
257,0,19,0,0,1,4,3,1,2,0,0,1,0,0,1,1,1,0,4,3,1,1,1,1,12,11.0,0,0,0,1,0,1,0,0,0,0,0,1,0
258,0,18,0,1,0,2,1,1,2,0,0,0,0,1,1,1,1,0,5,2,4,1,2,4,8,14.33333333,0,0,1,0,0,0,0,1,0,0,0,1,0
259,1,17,0,0,0,2,2,1,4,0,0,0,1,1,1,1,1,1,3,4,1,1,1,2,0,6.333333333,0,0,0,1,0,0,0,0,1,0,1,0,0
260,1,18,0,1,0,4,3,1,2,0,0,1,1,0,1,1,1,1,3,1,2,1,3,2,21,17.66666667,0,0,0,1,0,0,0,1,0,0,1,0,0
261,0,18,0,1,0,4,3,1,2,0,0,1,1,0,0,1,1,0,4,3,2,1,1,3,2,8.0,0,0,0,0,1,0,0,1,0,0,0,1,0
262,0,18,1,1,0,3,2,1,3,0,0,0,0,1,0,1,0,0,5,3,2,1,1,3,1,12.33333333,0,0,1,0,0,0,0,1,0,0,0,1,0
263,1,17,0,1,0,3,3,1,3,0,0,0,0,1,0,1,0,0,3,2,3,1,1,4,4,9.333333333,0,0,1,0,0,0,0,1,0,0,0,1,0
264,1,18,0,1,0,2,2,1,3,0,0,1,1,1,1,1,1,1,4,3,3,1,1,3,0,6.333333333,1,0,0,0,0,0,0,0,1,0,0,1,0
265,0,18,1,0,1,3,4,2,2,0,0,1,1,1,1,1,1,0,4,2,5,3,4,1,13,17.0,0,0,1,0,0,0,0,1,0,0,0,1,0
266,0,17,0,1,0,3,1,1,2,0,0,0,1,1,1,1,1,1,5,4,4,3,4,5,2,9.333333333,0,0,0,1,0,0,0,1,0,0,0,1,0
267,1,18,1,1,0,4,4,2,2,0,0,0,1,1,1,1,1,0,4,3,4,2,2,4,8,11.0,0,0,0,0,1,0,0,1,0,0,0,1,0
268,0,18,0,1,0,4,2,1,2,0,0,1,1,1,1,1,1,1,5,4,5,1,3,5,10,9.666666667,0,1,0,0,0,0,0,1,0,0,1,0,0
269,1,18,1,1,0,2,1,2,2,0,0,1,0,0,1,0,1,1,4,3,5,1,2,3,0,2.0,0,0,1,0,0,0,0,1,0,0,0,1,0
270,1,19,0,1,0,3,3,1,2,2,0,1,1,1,1,1,1,0,4,3,5,3,3,5,15,9.0,0,0,1,0,0,0,0,0,1,0,0,0,1
271,1,18,0,1,0,2,3,1,4,0,0,1,1,1,1,1,1,1,4,5,5,1,3,2,4,14.33333333,0,0,1,0,0,0,0,0,1,0,1,0,0
272,1,18,0,0,0,1,1,2,2,0,0,1,1,0,0,1,0,0,4,4,3,1,1,3,2,11.0,0,0,1,0,0,0,0,1,0,0,0,1,0
273,0,17,1,1,0,1,2,1,2,0,0,1,1,1,0,1,0,1,3,5,2,2,2,1,2,14.33333333,1,0,0,0,0,1,0,0,0,0,0,1,0
274,1,17,0,1,0,2,4,2,2,0,0,1,1,0,1,1,1,1,4,3,3,1,1,1,2,10.0,1,0,0,0,0,0,1,0,0,0,0,1,0
275,1,17,0,0,0,2,2,2,2,0,1,1,1,0,1,1,1,1,4,4,4,2,3,5,6,12.0,0,0,0,1,0,0,0,1,0,0,0,1,0
276,1,18,1,1,1,3,2,2,2,0,0,0,0,0,0,0,1,1,4,1,1,1,1,5,75,9.333333333,0,0,1,0,0,0,0,0,1,0,0,1,0
277,0,18,0,1,0,4,4,2,1,0,0,0,1,1,1,1,1,0,3,2,4,1,4,3,22,9.0,0,0,0,0,1,0,0,0,1,0,0,1,0
278,1,18,0,1,0,4,4,1,2,1,1,1,0,1,1,1,1,1,2,4,4,1,1,4,15,8.333333333,0,1,0,0,0,0,1,0,0,0,1,0,0
279,0,18,0,0,0,4,3,2,1,0,0,0,1,1,1,1,1,0,4,2,3,1,2,1,8,10.33333333,0,0,0,0,1,0,0,0,1,0,0,1,0
280,0,17,0,0,1,4,1,2,1,0,0,0,1,1,1,1,1,1,4,5,4,2,4,5,30,8.0,0,0,0,1,0,0,0,1,0,0,0,1,0
281,0,17,0,0,1,3,2,1,1,1,0,0,0,0,1,1,1,0,4,4,4,3,4,3,19,10.0,0,0,0,0,1,0,0,0,1,0,0,1,0
282,1,18,1,0,0,1,1,2,4,0,0,1,1,1,1,1,0,0,5,2,2,1,1,3,1,12.0,1,0,0,0,0,0,0,1,0,0,0,1,0
283,1,18,0,1,0,1,1,2,2,0,1,0,0,1,1,1,1,0,5,4,4,1,1,4,4,9.0,0,0,1,0,0,0,0,1,0,0,0,1,0
284,1,17,0,1,0,2,2,1,2,0,0,1,0,0,0,1,1,0,5,4,5,1,2,5,4,10.0,0,0,1,0,0,0,0,1,0,0,0,1,0
285,0,17,0,1,0,1,1,1,2,0,0,0,1,0,0,1,1,0,4,3,3,1,2,4,2,11.0,0,0,1,0,0,0,0,1,0,0,1,0,0
286,1,18,0,1,0,2,2,1,3,0,0,1,1,0,1,1,1,0,4,3,3,1,2,2,5,18.33333333,1,0,0,0,0,1,0,0,0,0,0,1,0
287,1,17,0,1,0,1,1,1,3,0,0,1,1,0,1,1,1,0,4,3,3,1,1,3,6,12.33333333,0,0,0,1,0,0,0,0,0,1,0,1,0
288,0,18,0,1,0,2,1,1,3,0,0,0,1,1,1,1,1,0,4,2,4,1,3,2,6,14.33333333,0,0,0,1,0,0,0,0,1,0,0,1,0
289,0,18,0,0,1,4,4,1,2,0,0,1,1,1,1,1,1,0,5,4,3,1,1,2,9,14.33333333,0,0,0,0,1,0,0,0,0,1,0,1,0
290,0,18,0,1,0,4,2,1,2,0,0,1,1,1,1,1,1,1,4,3,2,1,4,5,11,11.33333333,0,0,0,0,1,0,0,1,0,0,0,1,0
291,1,17,0,1,0,4,3,1,3,0,0,1,1,0,1,1,1,0,4,2,2,1,2,3,0,15.0,0,1,0,0,0,0,0,0,1,0,0,1,0
292,1,18,0,0,0,2,1,1,2,1,0,0,0,0,1,1,1,1,5,4,3,1,1,5,12,12.33333333,0,0,0,1,0,1,0,0,0,0,0,1,0
293,1,17,1,0,0,3,1,2,4,0,0,1,1,0,1,1,0,0,3,1,2,1,1,3,6,18.0,0,0,0,1,0,0,0,1,0,0,0,1,0
294,0,18,1,0,0,3,2,2,3,0,0,1,1,1,1,1,1,0,5,4,2,1,1,4,8,13.66666667,0,0,0,1,0,0,0,1,0,0,0,1,0
295,0,17,0,1,0,3,3,1,1,0,0,1,1,0,1,1,1,0,4,4,3,1,3,5,4,12.33333333,0,1,0,0,0,0,0,1,0,0,0,1,0
296,1,19,0,1,0,4,4,2,2,0,0,1,1,1,1,1,1,0,2,3,4,2,3,2,0,6.333333333,0,1,0,0,0,0,0,1,0,0,0,0,1
297,1,18,0,0,0,4,3,2,2,0,0,1,1,0,1,1,1,1,4,4,5,1,2,2,10,8.666666667,0,0,1,0,0,0,0,1,0,0,0,0,1
298,1,18,0,1,0,4,3,1,4,0,0,1,1,0,1,1,1,0,4,3,3,1,1,3,0,13.66666667,0,0,1,0,0,0,0,1,0,0,1,0,0
299,0,18,0,0,0,4,4,1,1,0,0,1,1,0,1,1,1,1,1,4,2,2,2,1,5,15.66666667,0,0,0,0,1,0,0,0,0,1,0,1,0
300,1,18,0,0,1,4,4,1,2,0,0,1,0,0,1,1,1,1,4,2,4,1,1,4,14,11.0,0,1,0,0,0,0,0,1,0,0,0,1,0
301,0,17,0,0,0,4,4,2,1,0,0,0,1,0,1,1,1,0,4,1,1,2,2,5,0,10.66666667,0,0,1,0,0,0,0,0,0,1,1,0,0
302,1,17,0,1,0,4,2,2,3,0,0,1,1,0,1,1,1,0,4,3,3,1,1,3,0,13.66666667,0,0,1,0,0,0,0,1,0,0,0,1,0
303,1,17,0,1,0,3,2,1,4,0,0,1,1,1,0,1,1,0,5,2,2,1,2,5,0,17.33333333,0,1,0,0,0,0,1,0,0,0,1,0,0
304,0,19,0,1,0,3,3,1,2,1,0,1,0,1,1,1,1,1,4,4,4,1,1,3,20,14.0,0,0,1,0,0,0,0,1,0,0,0,0,1
305,1,18,0,1,0,2,4,1,2,1,0,1,1,1,1,1,1,0,4,4,3,1,1,3,8,12.66666667,0,0,0,1,0,1,0,0,0,0,0,0,1
306,0,20,0,1,1,3,2,1,1,0,0,0,0,1,1,1,0,0,5,5,3,1,1,5,0,17.66666667,0,0,0,1,0,0,0,1,0,0,0,0,1
307,0,19,0,1,0,4,4,2,1,1,0,1,1,0,1,1,1,1,4,3,4,1,1,4,38,8.333333333,0,0,0,0,1,0,0,0,1,0,0,0,1
308,0,19,1,1,0,3,3,1,2,1,0,0,0,1,1,1,0,1,4,5,3,1,2,5,0,13.0,0,0,1,0,0,0,0,0,1,0,1,0,0
309,1,19,0,0,0,1,1,1,2,1,1,1,0,1,0,1,1,0,4,4,3,1,3,3,18,10.66666667,1,0,0,0,0,0,0,1,0,0,0,0,1
310,1,19,0,0,0,1,2,1,2,1,0,0,0,1,0,1,0,1,4,2,4,2,2,3,0,6.0,0,0,0,1,0,0,0,0,1,0,0,0,1
311,1,19,0,1,0,2,1,3,2,0,0,1,0,0,1,0,1,1,3,4,1,1,1,2,20,13.0,1,0,0,0,0,0,0,1,0,0,0,0,1
312,0,19,0,1,0,1,2,1,2,1,0,0,0,0,0,1,1,0,4,5,2,2,2,4,3,11.66666667,0,0,1,0,0,0,0,0,1,0,0,0,1
313,1,19,0,0,0,3,2,2,2,1,0,1,1,0,0,1,1,1,4,2,2,1,2,1,22,11.33333333,0,0,0,1,0,0,0,1,0,0,0,0,1
314,1,19,0,1,0,1,1,1,3,2,0,0,0,0,0,1,1,1,4,1,2,1,1,3,14,13.66666667,1,0,0,0,0,0,1,0,0,0,0,0,1
315,1,19,1,1,0,2,3,1,3,1,0,0,0,0,1,1,1,1,4,1,2,1,1,3,40,11.66666667,0,0,1,0,0,0,0,1,0,0,0,0,1
316,1,18,0,1,0,2,1,2,2,0,0,1,1,1,1,1,1,0,5,3,3,1,2,1,0,5.333333333,0,0,0,1,0,0,0,1,0,0,0,1,0
317,1,18,0,1,0,4,3,1,3,0,0,1,1,1,1,1,1,1,4,3,4,1,1,5,9,9.333333333,0,0,1,0,0,0,0,1,0,0,0,1,0
318,1,17,1,1,0,3,4,1,3,0,0,1,1,1,0,1,1,0,4,3,4,2,5,5,0,10.66666667,1,0,0,0,0,0,0,0,1,0,1,0,0
319,1,18,0,1,0,4,4,1,2,0,0,1,1,0,1,1,1,0,4,4,4,3,3,5,2,11.0,0,0,0,0,1,0,0,1,0,0,0,1,0
320,1,17,0,1,1,4,3,1,2,0,0,1,1,0,1,1,1,1,5,2,2,1,2,5,23,13.0,0,0,0,1,0,0,0,0,1,0,0,1,0
321,1,17,0,1,0,2,2,1,2,0,0,1,0,0,1,1,0,1,4,2,2,1,1,3,12,9.666666667,0,0,1,0,0,0,0,1,0,0,0,1,0
322,1,17,1,0,0,2,2,1,3,0,0,1,1,1,1,1,1,0,3,3,2,2,2,3,3,11.0,0,0,0,1,0,0,0,0,1,0,0,1,0
323,1,17,0,1,0,3,1,1,3,0,0,1,0,0,0,1,1,0,3,4,3,2,3,5,1,13.66666667,0,0,0,1,0,0,0,0,1,0,1,0,0
324,1,17,0,0,0,0,2,2,3,0,0,0,0,0,1,1,1,0,3,3,3,2,3,2,0,15.33333333,1,0,0,0,0,1,0,0,0,0,1,0,0
325,0,18,0,1,0,4,4,1,3,0,0,0,0,1,1,1,1,0,4,3,3,2,2,3,3,10.66666667,0,0,1,0,0,0,0,1,0,0,0,1,0
326,0,17,0,1,0,3,3,1,1,0,0,0,0,1,0,1,1,0,4,3,5,3,5,5,3,15.0,0,0,1,0,0,0,0,0,1,0,0,1,0
327,0,17,1,1,0,2,2,4,1,0,0,1,0,0,1,1,1,0,4,4,5,5,5,4,8,10.33333333,0,0,0,1,0,0,0,1,0,0,0,1,0
328,1,17,0,1,0,4,4,1,3,0,0,1,1,1,1,1,1,0,5,4,4,1,3,4,7,9.333333333,0,0,0,0,1,0,0,0,1,0,0,1,0
329,1,17,0,1,0,4,4,2,3,0,0,1,1,0,0,1,1,1,4,3,3,1,2,4,4,14.0,0,0,0,0,1,0,0,0,0,1,0,1,0
330,0,18,0,0,0,2,2,1,4,0,0,1,0,1,1,1,1,0,4,5,5,2,4,5,2,8.333333333,0,0,1,0,0,0,0,1,0,0,0,1,0
331,1,17,1,1,0,2,4,1,3,0,0,1,0,0,1,1,1,1,4,4,3,1,1,5,7,13.33333333,1,0,0,0,0,0,0,1,0,0,1,0,0
332,1,18,0,1,0,3,3,1,2,0,0,0,0,1,1,1,1,0,5,3,4,1,1,4,0,2.333333333,0,0,0,1,0,0,0,0,1,0,0,1,0
333,1,18,0,0,0,2,2,1,2,0,0,0,0,1,0,1,1,1,4,3,3,1,1,2,0,5.333333333,0,0,1,0,0,0,0,1,0,0,0,0,1
334,1,18,1,1,0,2,2,2,4,0,0,0,0,1,1,1,0,0,4,4,4,1,1,4,0,6.333333333,1,0,0,0,0,0,0,1,0,0,0,1,0
335,1,17,0,1,0,3,4,1,3,0,0,0,0,0,1,1,1,0,4,4,5,1,3,5,16,15.33333333,0,0,0,1,0,0,0,1,0,0,0,1,0
336,1,19,1,1,1,3,1,1,3,1,0,0,1,0,1,1,0,0,5,4,3,1,2,5,12,13.33333333,0,0,0,1,0,1,0,0,0,0,0,0,1
337,1,17,0,1,0,3,2,1,2,0,0,1,1,0,1,1,1,1,4,3,2,2,3,2,0,5.0,0,0,1,0,0,0,0,1,0,0,0,1,0
338,1,18,0,0,0,3,3,1,4,0,0,1,0,0,1,1,1,0,5,3,3,1,1,1,7,16.0,0,0,0,1,0,0,0,0,1,0,0,1,0
339,1,17,1,1,1,3,2,1,2,0,0,1,1,0,1,1,1,0,4,3,3,2,3,2,4,9.666666667,0,0,1,0,0,0,0,1,0,0,0,1,0
340,1,19,0,1,0,2,1,1,3,1,0,0,1,1,1,1,1,1,4,3,4,1,3,3,4,11.33333333,0,0,0,1,0,0,0,0,1,0,0,0,1
341,0,18,0,1,0,4,4,1,2,1,0,1,0,1,1,1,1,0,4,3,3,2,2,2,0,6.666666667,0,0,0,0,1,0,0,0,1,0,1,0,0
342,0,18,0,0,0,3,4,1,2,0,0,0,0,1,1,1,1,1,4,3,3,1,3,5,11,15.33333333,0,0,0,1,0,0,0,1,0,0,0,1,0
343,1,17,0,1,1,2,2,1,2,1,0,1,0,0,1,1,1,1,3,3,1,1,2,4,0,5.666666667,1,0,0,0,0,1,0,0,0,0,1,0,0
344,1,18,0,1,0,2,3,1,3,0,0,1,0,0,1,1,1,0,4,3,3,1,2,3,4,10.33333333,1,0,0,0,0,0,0,1,0,0,0,1,0
345,1,18,0,1,0,3,2,1,3,0,0,0,0,0,1,1,1,1,5,4,3,2,3,1,7,13.33333333,0,0,1,0,0,0,0,0,1,0,0,1,0
346,0,18,1,1,0,4,3,1,3,0,0,0,0,0,1,1,1,1,5,3,2,1,2,4,9,15.66666667,0,0,0,0,1,0,0,0,1,0,0,1,0
347,0,18,0,1,0,4,3,1,3,0,0,1,1,0,1,1,1,1,5,4,5,2,3,5,0,9.666666667,0,0,0,0,1,0,0,1,0,0,0,1,0
348,1,17,0,1,0,4,3,1,3,0,0,1,1,1,1,1,1,1,4,4,3,1,3,4,0,14.33333333,0,1,0,0,0,0,0,1,0,0,0,1,0
349,0,18,1,1,0,3,2,2,1,1,0,1,0,0,0,1,1,0,2,5,5,5,5,5,10,12.33333333,0,0,1,0,0,0,0,1,0,0,0,1,0
350,0,19,1,1,0,1,1,3,2,3,0,0,0,0,1,1,1,0,5,4,4,3,3,2,8,7.666666667,0,0,1,0,0,0,0,0,1,0,0,0,1
351,0,17,0,1,0,3,3,2,2,0,0,1,1,0,1,1,1,0,4,5,4,2,3,3,2,13.0,0,1,0,0,0,0,0,1,0,0,0,1,0
352,0,18,0,0,0,1,3,1,1,1,0,0,0,0,1,0,1,1,4,3,3,2,3,3,7,7.666666667,1,0,0,0,0,0,0,0,1,0,0,1,0
353,0,19,1,1,0,1,1,3,1,1,0,1,0,0,1,1,1,0,4,4,4,3,3,5,4,8.0,0,0,1,0,0,0,0,1,0,0,0,0,1
354,0,17,1,1,0,4,3,2,2,0,0,1,1,1,0,1,1,1,4,5,5,1,3,2,4,11.66666667,0,0,0,1,0,0,0,1,0,0,0,1,0
355,1,18,0,1,0,3,3,1,2,0,0,1,0,0,1,1,0,1,5,3,4,1,1,5,0,9.333333333,0,0,0,1,0,0,0,0,1,0,1,0,0
356,1,17,1,1,0,4,4,2,2,0,0,1,1,1,1,1,1,0,4,3,3,1,2,5,4,12.66666667,0,0,0,0,1,0,0,0,1,0,1,0,0
357,1,17,0,0,1,3,2,2,2,0,0,0,0,0,1,1,0,1,1,2,3,1,2,5,2,11.66666667,0,0,0,1,0,0,0,1,0,0,0,1,0
358,0,18,0,0,0,1,1,2,1,0,0,0,0,0,0,1,1,1,3,3,2,1,2,3,4,10.0,0,0,1,0,0,0,0,0,1,0,1,0,0
359,1,18,0,0,0,1,1,2,3,0,0,0,0,0,1,1,1,0,5,3,2,1,1,4,0,16.66666667,1,0,0,0,0,0,0,0,1,0,1,0,0
360,1,18,1,0,1,1,4,3,2,0,0,0,0,0,1,1,0,1,4,3,4,1,4,5,0,13.0,1,0,0,0,0,0,0,1,0,0,0,1,0
361,0,18,1,0,0,1,1,2,2,1,0,0,0,1,0,0,0,0,4,4,3,2,3,5,2,12.33333333,1,0,0,0,0,0,0,1,0,0,0,1,0
362,1,18,0,1,0,3,3,2,2,0,0,1,0,0,1,1,1,1,4,3,2,1,3,3,0,10.66666667,0,0,0,1,0,0,0,0,1,0,0,1,0
363,1,17,0,0,0,4,4,1,2,0,0,1,1,1,1,1,1,1,2,3,4,1,1,1,0,15.33333333,1,0,0,0,0,1,0,0,0,0,0,1,0
364,1,17,1,1,0,1,2,2,2,0,0,0,0,0,0,1,0,0,3,2,2,1,2,3,0,11.66666667,0,0,1,0,0,0,0,0,1,0,1,0,0
365,0,18,1,1,0,1,3,2,2,0,0,1,1,0,1,1,0,0,3,3,4,2,4,3,4,10.0,1,0,0,0,0,0,0,1,0,0,0,1,0
366,0,18,0,0,0,4,4,2,3,0,0,0,1,0,1,1,1,1,4,2,2,2,2,5,0,13.0,0,0,0,0,1,0,0,0,1,0,0,1,0
367,1,17,1,1,0,1,1,3,1,1,0,1,1,0,1,1,1,1,5,2,1,1,2,1,0,4.333333333,0,0,1,0,0,0,0,0,1,0,0,1,0
368,1,18,0,1,0,2,3,2,1,0,0,1,1,0,1,1,1,1,5,2,3,1,2,4,0,10.33333333,1,0,0,0,0,0,0,0,1,0,1,0,0
369,1,18,1,1,0,4,4,3,2,0,0,1,1,0,0,1,1,1,3,2,2,4,2,5,10,12.33333333,0,0,1,0,0,0,0,0,0,1,1,0,0
370,1,19,0,0,0,3,2,2,2,2,0,0,0,1,1,1,0,1,3,2,2,1,1,3,4,7.666666667,0,0,0,1,0,0,0,0,1,0,0,0,1
371,0,18,1,0,0,1,2,3,1,0,0,1,1,1,1,0,1,1,4,3,3,2,3,3,3,12.66666667,1,0,0,0,0,0,0,0,1,0,1,0,0
372,1,17,0,1,0,2,2,1,3,0,0,0,0,1,1,1,0,1,3,4,3,1,1,3,8,11.66666667,0,0,1,0,0,1,0,0,0,0,0,1,0
373,1,17,1,1,0,1,2,1,1,0,0,0,0,1,1,1,1,0,3,5,5,1,3,1,14,5.333333333,0,0,1,0,0,0,0,1,0,0,0,1,0
374,1,18,1,0,0,4,4,2,3,0,0,0,0,0,1,1,1,0,5,4,4,1,1,1,0,18.66666667,0,0,1,0,0,0,0,1,0,0,0,1,0
375,1,18,1,1,0,1,1,4,3,0,0,0,0,0,1,1,1,0,4,3,2,1,2,4,2,8.666666667,0,0,1,0,0,0,0,1,0,0,0,1,0
376,1,20,0,1,0,4,2,2,3,2,0,1,1,0,0,1,1,1,5,4,3,1,1,3,4,14.66666667,0,1,0,0,0,0,0,1,0,0,0,0,1
377,1,18,1,0,0,4,4,1,2,0,0,0,1,1,1,1,1,0,5,4,3,3,4,2,4,9.0,0,0,0,0,1,0,0,0,1,0,0,1,0
378,1,18,0,1,0,3,3,1,2,0,0,0,1,0,1,1,1,1,4,1,3,1,2,1,0,15.0,0,0,1,0,0,0,0,1,0,0,0,1,0
379,1,17,1,1,0,3,1,1,2,0,0,1,1,1,0,1,1,0,4,5,4,2,3,1,17,10.0,1,0,0,0,0,0,0,1,0,0,0,1,0
380,0,18,0,1,0,4,4,1,2,0,0,0,1,1,0,1,1,0,3,2,4,1,4,2,4,14.33333333,0,0,0,0,1,0,0,0,0,1,1,0,0
381,0,18,1,1,0,2,1,2,1,0,0,0,0,1,0,1,1,1,4,4,3,1,3,5,5,6.666666667,0,0,1,0,0,0,0,1,0,0,0,1,0
382,0,17,0,1,0,2,3,2,2,0,0,0,0,1,1,1,1,0,4,4,3,1,1,3,2,10.66666667,0,0,1,0,0,0,0,0,1,0,1,0,0
383,0,19,1,1,0,1,1,2,1,1,0,0,0,0,1,1,0,0,4,3,2,1,3,5,0,3.666666667,0,0,1,0,0,0,0,0,1,0,0,1,0
384,0,18,1,1,0,4,2,2,1,1,0,0,1,0,1,1,0,0,5,4,3,4,3,3,14,5.333333333,0,0,1,0,0,0,0,1,0,0,1,0,0
385,1,18,1,1,0,2,2,2,3,0,0,0,1,0,1,1,0,0,5,3,3,1,3,4,2,9.666666667,1,0,0,0,0,0,0,1,0,0,0,1,0
386,1,18,1,1,0,4,4,3,1,0,0,1,1,1,1,1,1,1,4,4,3,2,2,5,7,5.666666667,0,0,0,0,1,1,0,0,0,0,0,1,0
387,1,19,1,1,0,2,3,1,3,1,0,0,0,1,0,1,1,0,5,4,2,1,2,5,0,4.0,0,0,0,1,0,0,0,1,0,0,0,1,0
388,1,18,0,0,0,3,1,1,2,0,0,1,1,0,1,1,1,0,4,3,4,1,1,1,0,8.0,0,0,0,0,1,0,0,0,1,0,0,1,0
389,1,18,0,1,0,1,1,2,2,1,0,0,0,1,1,1,0,0,1,1,1,1,1,5,0,3.666666667,0,0,1,0,0,0,0,1,0,0,0,1,0
390,0,20,0,0,1,2,2,1,2,2,0,1,1,0,1,1,0,0,5,5,4,4,5,4,11,9.0,0,0,0,1,0,0,0,0,1,0,0,0,1
391,0,17,0,0,0,3,1,2,1,0,0,0,0,0,0,1,1,0,2,4,5,3,4,2,3,15.33333333,0,0,0,1,0,0,0,0,1,0,0,1,0
392,0,21,1,1,0,1,1,1,1,3,0,0,0,0,0,1,0,0,5,5,3,3,3,3,3,8.333333333,0,0,1,0,0,0,0,1,0,0,0,0,1
393,0,18,1,0,0,3,2,3,1,0,0,0,0,0,0,1,1,0,4,4,1,3,4,5,0,11.0,0,0,0,1,0,0,0,1,0,0,0,1,0
394,0,19,0,0,0,1,1,1,1,0,0,0,0,0,1,1,1,0,3,2,3,3,3,5,5,8.666666667,0,0,1,0,0,1,0,0,0,0,1,0,0
